data,model,loss_function,aggregate,semeval2012_relational_similarity/validation.forward,scan/test.forward,sat_full/test.forward,sat/test.forward,u2/test.forward,u4/test.forward,google/test.forward,bats/test.forward,t_rex_relational_similarity/test.forward,conceptnet_relational_similarity/test.forward,nell_relational_similarity/test.forward,scan/validation.forward,sat/validation.forward,u2/validation.forward,u4/validation.forward,google/validation.forward,bats/validation.forward,t_rex_relational_similarity/validation.forward,conceptnet_relational_similarity/validation.forward,nell_relational_similarity/validation.forward,BLESS,CogALexV,EVALution,K&H+N,ROOT09
semeval2012,bert-base-cased,nce,average_no_mask,0.7215189873417721,0.2370049504950495,0.446524064171123,0.44807121661721067,0.3684210526315789,0.40046296296296297,0.722,0.5491939966648138,0.4918032786885246,0.2709731543624161,0.5666666666666667,0.24719101123595505,0.43243243243243246,0.4166666666666667,0.4583333333333333,0.8,0.5326633165829145,0.19556451612903225,0.2446043165467626,0.5925,0.908693686906735,0.8070422535211269,0.6180931744312026,0.955484454336788,0.8874960827326857
semeval2012,albert-base-v2,nce,average_no_mask,0.7215189873417721,0.21225247524752475,0.4037433155080214,0.39762611275964393,0.35526315789473684,0.38657407407407407,0.564,0.5919955530850473,0.32786885245901637,0.25671140939597314,0.4766666666666667,0.23595505617977527,0.4594594594594595,0.375,0.4791666666666667,0.7,0.6130653266331658,0.1431451612903226,0.21942446043165467,0.4575,0.880066295012807,0.7826291079812207,0.5812567713976164,0.9288446824789595,0.8558445628329677
semeval2012-0,roberta-base,nce,average_no_mask,0.7848101265822784,0.2592821782178218,0.5989304812834224,0.6083086053412463,0.5964912280701754,0.5740740740740741,0.892,0.7031684269038355,0.6666666666666666,0.3976510067114094,0.62,0.25842696629213485,0.5135135135135135,0.4583333333333333,0.6458333333333334,0.96,0.7738693467336684,0.2661290322580645,0.32823741007194246,0.575,0.8998041283712521,0.8370892018779342,0.6419284940411701,0.9396953467343674,0.8815418364149169
