{"relbert": 0.8714285714285714, "fasttext_cc": 0.7428571428571429}