k,seed,accuracy
10,0,0.4572192513368984
10,1,0.4893048128342246
10,2,0.33689839572192515
10,3,0.39572192513368987
10,4,0.45454545454545453
5,0,0.45989304812834225
5,1,0.47058823529411764
5,2,0.3983957219251337
5,3,0.44919786096256686
5,4,0.4946524064171123
1,0,0.44385026737967914
1,1,0.446524064171123
1,2,0.40106951871657753
1,3,0.4839572192513369
1,4,0.45989304812834225
