{"distance_function": "cosine_similarity", "sat/test": 0.658753709198813, "sat/valid": 0.6486486486486487, "u2/test": 0.6491228070175439, "u2/valid": 0.625, "u4/test": 0.6759259259259259, "u4/valid": 0.6041666666666666, "google/test": 0.946, "google/valid": 1.0, "bats/test": 0.8193440800444691, "bats/valid": 0.8492462311557789, "sat_full": 0.6577540106951871}