{"distance_function": "cosine_similarity", "bats/test": 0.820455808782657, "bats/valid": 0.8040201005025126, "sat/test": 0.5786350148367952, "sat/valid": 0.5405405405405406, "u2/test": 0.6140350877192983, "u2/valid": 0.625, "u4/test": 0.6319444444444444, "u4/valid": 0.5416666666666666, "google/test": 0.918, "google/valid": 0.9, "sat_full": 0.5748663101604278}