{"distance_function": "cosine_similarity", "sat/test": 0.5816023739, "sat/valid": 0.5135135135, "u2/test": 0.600877193, "u2/valid": 0.5, "u4/test": 0.5810185185, "u4/valid": 0.4791666667, "google/test": 0.868, "google/valid": 0.86, "bats/test": 0.694274597, "bats/valid": 0.6582914573, "sat_full": 0.5748663102}