data,model,loss_function,aggregate,semeval2012_relational_similarity/validation.forward,scan/test.forward,sat_full/test.forward,sat/test.forward,u2/test.forward,u4/test.forward,google/test.forward,bats/test.forward,t_rex_relational_similarity/test.forward,conceptnet_relational_similarity/test.forward,nell_relational_similarity/test.forward,scan/validation.forward,sat/validation.forward,u2/validation.forward,u4/validation.forward,google/validation.forward,bats/validation.forward,t_rex_relational_similarity/validation.forward,conceptnet_relational_similarity/validation.forward,nell_relational_similarity/validation.forward,BLESS,CogALexV,EVALution,K&H+N,ROOT09
semeval2012-0,roberta-base,nce,average_no_mask,0.7848101265822784,0.2592821782178218,0.5989304812834224,0.6083086053412463,0.5964912280701754,0.5740740740740741,0.892,0.7031684269038355,0.6666666666666666,0.3976510067114094,0.62,0.25842696629213485,0.5135135135135135,0.4583333333333333,0.6458333333333334,0.96,0.7738693467336684,0.2661290322580645,0.32823741007194246,0.575,0.8998041283712521,0.8370892018779342,0.6419284940411701,0.9396953467343674,0.8815418364149169
semeval2012,roberta-base,triplet,average_no_mask,0.7088607594936709,0.29517326732673266,0.5454545454545454,0.5459940652818991,0.5526315789473685,0.5856481481481481,0.864,0.725958866036687,0.453551912568306,0.29446308724832215,0.7066666666666667,,,,,,,,,,0.8872984782281151,0.8046948356807512,0.6771397616468039,0.93107045976212,0.902851770604826
semeval2012,roberta-base,iloob,average_no_mask,0.7721518987341772,0.27042079207920794,0.5882352941176471,0.5964391691394659,0.5745614035087719,0.5625,0.838,0.6759310728182324,0.6557377049180327,0.4001677852348993,0.675,,,,,,,,,,0.909899050775953,0.8326291079812207,0.6581798483206934,0.9490853446477012,0.8934503290504543
